		2023-08-23	2023-09-15	2023-10-20	2023-11-17	2023-12-14	2024-01-19	2024-02-15	2024-03-15	2024-04-19	2024-05-16	2024-06-13	2024-07-18	2024-08-16	2024-09-20	2024-10-18	2024-11-14
custom banner printing melbourne		-	-	-	37	24	26	35	23	21	43	33	16	15	29	23	32
perfect binding services melbourne		-	-	70	38	16	16	13	11	8	12	11	9	10	10	9	46
custom book printing melbourne		-	-	18	-	-	22	22	18	10	10	7	7	7	-	14	13
custom box printing melbourne		-	-	-	34	28	28	27	24	26	39	38	37	36	37	53	59
custom brochure printing melbourne		-	-	9	20	13	14	24	18	15	27	27	22	62	28	26	46
folding carton printing melbourne		-	-	-	2	1	1	1	1	1	1	1	1	1	12	2	3
custom commercial printing melbourne		-	-	-	17	5	6	7	3	2	3	2	3	22	6	2	8
corporate printing melbourne		-	-	-	16	62	49	21	19	15	18	17	16	15	8	15	9
packaging sleeve printing melbourne		-	-	-	6	2	4	5	2	5	6	5	6	6	6	7	8
custom flyer printing melbourne		-	-	15	25	18	17	17	12	11	18	18	16	16	17	22	23
custom recycled greeting card printing services melbourne		-	-	6	4	3	4	5	2	1	5	4	4	5	4	4	5
custom label printing melbourne		-	-	-	39	41	41	41	23	22	38	36	41	21	41	29	37
custom letterhead printing melbourne		-	-	3	11	4	3	3	3	3	7	5	3	3	4	11	16
custom magazine printing melbourne		-	-	-	7	7	8	8	8	7	8	7	7	8	7	10	11
custom notepad printing melbourne		-	-	10	19	16	16	19	11	13	19	16	12	17	21	17	23
custom offset printing melbourne		-	-	96	6	5	5	5	4	4	5	5	5	5	6	6	7
custom package printing melbourne		-	-	-	31	19	22	21	21	17	38	40	30	36	45	38	56
custom plastic printing melbourne		-	-	1	2	1	1	2	1	1	1	1	1	1	1	1	1
custom postcard printing melbourne		-	-	24	17	11	13	15	13	9	19	13	13	23	21	22	26
custom poster printing melbourne		-	-	-	28	19	19	19	17	16	25	19	16	16	27	15	20
recycled corflute printing melbourne		-	-	40	7	1	1	1	1	1	1	1	2	1	1	1	4
opaque white printing melbourne		-	-	-	1	1	1	1	1	1	1	1	1	1	1	1	1
raised printing melbourne		-	-	4	4	4	4	4	4	3	4	4	4	4	4	4	4
scratch and sniff printing melbourne		-	-	-	2	1	1	1	1	1	1	1	1	1	1	1	1
custom sign printing melbourne		-	-	-	30	19	19	22	20	-	37	26	18	93	35	37	34
custom sticker printing melbourne		-	-	-	50	31	35	36	21	20	30	36	35	27	38	43	47
custom uv printing melbourne		-	-	3	4	3	3	3	3	2	3	2	3	3	3	1	3
shape cut sticker printing melbourne		-	-	-	7	7	6	8	3	3	5	5	8	3	4	8	8
custom wrapping paper printing melbourne		-	-	-	12	10	11	8	7	7	8	7	10	10	10	16	17
custom stationery printing melbourne		-	-	8	13	8	9	9	5	4	11	3	2	2	3	2	10