		2024-06-12	2024-07-18	2024-08-16	2024-09-20	2024-10-18	2024-11-14
gelato suppliers australia		-	14	7	5	5	11
gelato suppliers melbourne		-	42	13	8	5	7
gelato suppliers sydney		-	46	10	8	4	4
gelato suppliers brisbane		-	7	7	5	4	4
gelato ingredient suppliers australia		-	9	4	2	4	3
buy gelato base mix		-	-	2	1	-	2
gelato mix suppliers australia		-	8	2	2	2	2
gelato flavour paste suppliers australia		-	-	1	1	1	3
gelato machine australia		-	-	29	57	7	29
gelato machines for sale		-	-	25	22	19	27
commercial gelato machines australia		-	96	27	7	35	16
gelato machines melbourne		-	71	24	22	19	11
gelato machines sydney		-	96	43	15	19	11
gelato machines brisbane		-	59	75	11	9	11
soft serve machines for sale		47	53	14	18	25	19
commercial soft serve machine		-	-	24	29	26	20
batch freezer for sale		-	36	12	17	20	17
commercial batch freezer australia		-	87	6	7	9	6
blast freezer for sale		-	-	-	-	-	-
gelato showcase freezer for sale		-	-	8	14	13	24