		2024-04-30	2024-05-16	2024-06-13	2024-07-18	2024-08-16	2024-08-25	2024-09-20	2024-10-18	2024-11-14
tiny homes australia		-	-	13	14	13	13	27	20	29
tiny house on wheels australia		-	-	13	11	6	6	10	4	5
portable cabins australia		-	-	25	12	13	12	14	16	15
steel frame kit homes australia		-	-	-	48	58	44	-	-	46
tiny house kit australia		-	-	18	13	5	5	4	3	3
off grid kit homes australia		-	-	-	35	39	40	43	33	32
tiny homes victoria		-	-	26	24	14	17	16	15	15
tiny homes tasmania		-	-	-	15	13	14	13	10	12
tiny homes nsw		-	-	-	47	47	74	76	-	66
portable homes victoria		-	-	-	-	-	-	-	-	-
portable homes tasmania		-	-	-	57	66	49	10	10	7
portable homes nsw		-	-	-	-	-	-	-	-	18
mobile homes for sale victoria		-	-	-	-	-	-	-	-	55
mobile homes for sale tasmania		-	-	-	-	-	42	7	3	3
mobile homes for sale nsw		-	-	-	-	-	-	-	-	8