		2024-10-18	2024-11-14
buy meat online melbourne		-	74
premium meat online melbourne		-	-
fresh meat online melbourne		-	-
organic meat online melbourne		-	-
online meat delivery melbourne		-	72
fresh meat delivery melbourne		-	81
meat home delivery melbourne		-	-
buy meat box melbourne		-	40
meat box home delivery melbourne		-	20
organic meat box melbourne		-	49
organic meat subscription melbourne		-	85
premium meat subscription melbourne		-	29
buy bbq meat online melbourne		-	13
premium bbq meat melbourne		-	14
bbq meat delivery melbourne		-	18
meat delivery geelong		-	13
meat delivery cheltenham		-	10
meat delivery glen iris		-	4
meat delivery south yarra		-	12
meat delivery brighton		-	12
meat delivery doncaster		-	5
meat delivery ringwood		-	6
meat delivery richmond		-	12
meat delivery thornbury		-	10
meat delivery northcote		-	10
meat delivery ivanhoe		-	9