		2023-11-02	2023-12-14	2024-01-19	2024-02-15	2024-03-15	2024-04-19	2024-05-16	2024-06-13	2024-08-16	2024-09-20	2024-10-18	2024-11-06
husqvarna mowers australia		82	-	29	24	18	15	16	11	9	10	11	10
husqvarna lawn mowers for sale		-	-	32	33	-	65	10	9	14	4	-	3
husqvarna chainsaws australia		-	-	25	18	11	18	19	11	16	11	11	12
husqvarna battery chainsaws for sale		74	61	29	28	20	27	23	31	16	29	20	25
husqvarna trimmers australia		-	-	19	18	16	13	11	13	14	16	16	17
husqvarna hedge trimmers for sale		13	40	38	43	29	32	26	27	13	17	36	26
husqvarna brushcutters australia		-	-	27	24	10	11	14	11	12	10	12	16
masport mowers australia		-	-	32	25	-	15	15	14	12	14	7	15
masport lawn mowers for sale		26	42	25	23	18	11	9	16	18	2	2	19
masport chippers australia		-	-	40	20	9	14	11	20	14	14	18	16
masport edgers australia		44	77	44	37	41	42	37	28	19	19	23	24
country clipper mowers australia		31	28	14	4	4	5	4	4	4	4	3	3
country clipper lawn mowers for sale		47	-	6	1	1	1	1	1	1	1	1	1
scag mowers australia		29	45	14	12	16	10	9	7	8	5	9	8
scag zero turn mowers for sale		-	-	10	10	9	10	11	6	6	3	5	4
super x log splitters australia		10	24	14	13	13	16	13	9	8	9	9	9
wedgetail firewood processor for sale		-	-	5	3	5	2	2	2	2	1	1	1
tym tractors for sale		-	-	-	-	22	24	15	20	20	18	16	18
bushranger mowers australia		-	-	-	29	26	22	26	12	8	7	10	9
bushranger lawn mowers for sale		-	-	-	16	14	15	14	9	7	6	7	6
mower shop toowoomba		4	3	2	2	1	1	1	1	1	1	2	1
mower shop dalby		-	-	10	9	9	10	9	9	11	10	9	9
mower shop warwick		-	-	14	10	9	10	11	10	10	9	9	10
mower shop kearneys spring		13	-	1	1	1	1	1	1	1	1	1	1
mower shop gatton		-	-	14	11	12	12	9	10	6	5	3	7
mower shop pittsworth		-	-	3	4	2	2	2	2	2	1	1	3
mower shop laidley		-	-	4	3	3	2	2	1	1	1	1	1
mower shop harristown		38	54	2	2	2	2	2	2	3	3	1	2
mower shop rangeville		3	2	2	2	1	1	1	1	1	1	1	1
mower shop glenvale		1	1	1	1	1	1	1	1	1	1	1	1
lawn mower servicing toowoomba		9	9	1	2	1	1	1	1	1	1	2	2
lawn mower servicing dalby		-	-	5	7	8	6	7	5	6	6	4	5
lawn mower servicing warwick		-	-	11	5	6	7	7	7	9	7	5	6
lawn mower servicing kearneys spring		-	-	2	2	1	1	1	1	1	1	1	1
lawn mower servicing gatton		-	-	6	4	4	5	5	6	3	4	3	4
lawn mower servicing pittsworth		-	-	3	3	3	3	2	2	2	1	2	2
lawn mower servicing laidley		-	-	5	6	5	5	3	2	2	2	1	2
lawn mower servicing harristown		-	-	1	2	2	2	2	2	1	2	2	1
lawn mower servicing rangeville		10	9	2	2	1	1	1	2	1	1	2	1
lawn mower servicing glenvale		4	4	3	3	2	3	2	2	1	1	1	1