		2024-10-04	2024-11-14
early childhood online courses victoria		-	25
early childhood online courses melbourne		-	70
early childhood online classes		-	92
early childhood online programs		-	-
early childhood education online courses		-	-
early childhood education online classes		-	-
early childhood education online programs		-	-
certificate iii in early childhood education and care online course		-	74
certificate iii early childhood education online course		-	83
study certificate 3 in childcare online		-	53
certificate 3 in childcare online course		-	41
online certificate 3 childcare course		-	48
diploma of early childhood education and care online course		-	-
study diploma of early childhood education and care online		-	-
early learning and childcare diploma online		-	-
study diploma of childcare online		-	69
online diploma course in early childhood education		-	82
early childhood courses geelong		-	-
early childhood courses croydon		-	1
early childhood courses lilydale		-	-
early childhood courses bendigo		-	7
early childhood courses ballarat		-	10
early childhood courses pakenham		-	3
early childhood courses frankston		-	-
early childhood courses mornington		-	3
early childhood courses melton		-	31
early childhood courses dandenong		-	7